Legislation Number,Number of Cosponsors
H.R. 8982,30
H.R. 8656,122
H.R. 8351,28
H.R. 7846,4
H.R. 7791,129
H.R. 7698,52
H.R. 7691,0
H.R. 7500,3
H.R. 7352,4
H.R. 7334,3
H.R. 7108,26
H.R. 6968,33
H.R. 6943,48
H.R. 6899,13
H.R. 6833,31
H.R. 6617,0
H.R. 6256,1
H.R. 6119,0
H.R. 6023,29
H.R. 5809,52
H.R. 5763,0
H.R. 5754,122
H.R. 5681,6
H.R. 5641,5
H.R. 5577,364
H.R. 5545,18
H.R. 5434,0
H.R. 5376,0
H.R. 5313,33
H.R. 5305,0
H.R. 5293,0
H.R. 5142,326
H.R. 5085,1
H.R. 4981,1
H.R. 4877,12
H.R. 4693,102
H.R. 4660,0
H.R. 4591,11
H.R. 4445,25
H.R. 4426,6
H.R. 4346,0
H.R. 4172,1
H.R. 4168,3
H.R. 3919,22
H.R. 3684,5
H.R. 3665,52
H.R. 3642,311
H.R. 3613,13
H.R. 3579,17
H.R. 3539,0
H.R. 3537,331
H.R. 3525,120
H.R. 3508,26
H.R. 3475,13
H.R. 3419,26
H.R. 3359,17
H.R. 3325,0
H.R. 3237,0
H.R. 3210,6
H.R. 3197,0
H.R. 3182,2
H.R. 3113,11
H.R. 3076,102
H.R. 2992,13
H.R. 2911,6
H.R. 2630,3
H.R. 2545,3
H.R. 2523,1
H.R. 2497,7
H.R. 2471,7
H.R. 2441,37
H.R. 2324,26
H.R. 2278,17
H.R. 2142,27
H.R. 2093,2
H.R. 2044,3
H.R. 1899,1
H.R. 1868,7
H.R. 1842,299
H.R. 1799,101
H.R. 1766,3
H.R. 1667,166
H.R. 1664,17
H.R. 1652,38
H.R. 1651,2
H.R. 1510,6
H.R. 1448,317
H.R. 1444,10
H.R. 1319,0
H.R. 1318,0
H.R. 1298,4
H.R. 1281,13
H.R. 1276,54
H.R. 1192,8
H.R. 1170,52
H.R. 1057,302
H.R. 1002,0
H.R. 960,15
H.R. 941,23
H.R. 772,7
H.R. 767,26
H.R. 735,52
H.R. 711,0
H.R. 468,1
H.R. 390,8
H.R. 335,0
H.R. 264,6
H.R. 208,3
H.R. 189,3
H.R. 92,6
H.R. 91,6
H.R. 55,181
H.R. 49,19
H.R. 26,1
H.J.Res. 75,0
H.J.Res. 27,1
S. 4900,1
S. 4791,0
S. 4785,1
S. 4458,3
S. 4205,2
S. 4160,1
S. 4119,12
S. 4089,0
S. 3969,4
S. 3895,6
S. 3823,3
S. 3706,5
S. 3580,30
S. 3527,1
S. 3522,21
S. 3470,1
S. 3451,2
S. 3377,8
S. 3373,2
S. 3294,20
S. 3157,5
S. 3103,9
S. 3059,7
S. 2959,3
S. 2938,1
S. 2794,8
S. 2771,1
S. 2687,2
S. 2629,5
S. 2551,1
S. 2533,5
S. 2520,2
S. 2514,1
S. 2490,1
S. 2293,1
S. 2201,2
S. 2126,3
S. 2102,14
S. 2089,3
S. 1917,3
S. 1910,1
S. 1872,74
S. 1828,19
S. 1760,0
S. 1662,2
S. 1605,2
S. 1543,17
S. 1511,18
S. 1502,10
S. 1404,71
S. 1340,1
S. 1301,2
S. 1226,1
S. 1198,5
S. 1098,3
S. 1097,3
S. 1095,4
S. 1064,6
S. 1031,6
S. 958,6
S. 957,1
S. 937,44
S. 921,15
S. 894,1
S. 854,2
S. 848,4
S. 812,3
S. 796,7
S. 658,3
S. 610,29
S. 583,3
S. 579,3
S. 578,8
S. 566,1
S. 516,1
S. 497,6
S. 475,60
S. 452,68
S. 442,1
S. 422,0
S. 415,2
S. 409,4
S. 400,12
S. 325,3
S. 321,75
S. 272,4
S. 270,7
S. 233,3
S. 189,9
S. 169,3
S. 164,1
S. 144,2
S. 108,1
S. 66,1
S.J.Res. 33,0
S.J.Res. 15,9
S.J.Res. 14,23
S.J.Res. 13,0
H.R. 8906,1
H.R. 8900,0
H.R. 8810,6
H.R. 8611,26
H.R. 8472,2
H.R. 8354,7
H.R. 8337,0
H.R. 8276,2
H.R. 8247,0
H.R. 7898,2
H.R. 7810,34
H.R. 7502,8
H.R. 7460,1
H.R. 7440,11
H.R. 7347,13
H.R. 7259,3
H.R. 7105,10
H.R. 7088,13
H.R. 7010,86
H.R. 6535,10
H.R. 6435,5
H.R. 6418,6
H.R. 6395,1
H.R. 6322,49
H.R. 6237,4
H.R. 6201,6
H.R. 6192,21
H.R. 6168,4
H.R. 6161,11
H.R. 6100,2
H.R. 6074,0
H.R. 6016,8
H.R. 5983,50
H.R. 5972,17
H.R. 5954,13
H.R. 5901,3
H.R. 5852,0
H.R. 5671,2
H.R. 5663,2
H.R. 5597,4
H.R. 5472,13
H.R. 5459,1
H.R. 5458,1
H.R. 5451,26
H.R. 5430,1
H.R. 5384,5
H.R. 5363,3
H.R. 5317,40
H.R. 5307,6
H.R. 5277,1
H.R. 5273,9
H.R. 5214,2
H.R. 5126,6
H.R. 5123,17
H.R. 5062,26
H.R. 5037,16
H.R. 5023,15
H.R. 4998,3
H.R. 4988,11
H.R. 4983,8
H.R. 4981,12
H.R. 4975,10
H.R. 4971,10
H.R. 4920,18
H.R. 4875,15
H.R. 4803,13
H.R. 4794,26
H.R. 4785,35
H.R. 4779,6
H.R. 4771,1
H.R. 4761,8
H.R. 4734,8
H.R. 4725,6
H.R. 4704,16
H.R. 4672,52
H.R. 4566,8
H.R. 4508,32
H.R. 4378,0
H.R. 4356,1
H.R. 4334,25
H.R. 4285,2
H.R. 4279,17
H.R. 4258,2
H.R. 4200,6
H.R. 4183,10
H.R. 4104,301
H.R. 4044,26
H.R. 4034,9
H.R. 4031,49
H.R. 3976,15
H.R. 3889,1
H.R. 3877,1
H.R. 3870,26
H.R. 3847,10
H.R. 3680,8
H.R. 3589,301
H.R. 3504,2
H.R. 3465,49
H.R. 3401,0
H.R. 3399,7
H.R. 3349,11
H.R. 3329,51
H.R. 3317,3
H.R. 3314,8
H.R. 3311,3
H.R. 3305,10
H.R. 3304,3
H.R. 3275,15
H.R. 3253,9
H.R. 3250,43
H.R. 3245,26
H.R. 3207,17
H.R. 3196,5
H.R. 3153,25
H.R. 3151,28
H.R. 3144,52
H.R. 3055,0
H.R. 3005,52
H.R. 2969,26
H.R. 2940,2
H.R. 2938,38
H.R. 2744,3
H.R. 2695,1
H.R. 2502,2
H.R. 2476,104
H.R. 2468,47
H.R. 2454,0
H.R. 2451,1
H.R. 2444,6
H.R. 2423,311
H.R. 2385,1
H.R. 2379,26
H.R. 2372,1
H.R. 2359,2
H.R. 2336,27
H.R. 2334,35
H.R. 2333,10
H.R. 2325,0
H.R. 2246,3
H.R. 2196,3
H.R. 2157,0
H.R. 2151,39
H.R. 2030,36
H.R. 1972,0
H.R. 1966,78
H.R. 1957,28
H.R. 1952,6
H.R. 1925,26
H.R. 1923,168
H.R. 1865,304
H.R. 1844,17
H.R. 1839,8
H.R. 1833,26
H.R. 1830,307
H.R. 1812,2
H.R. 1773,293
H.R. 1668,26
H.R. 1590,6
H.R. 1569,8
H.R. 1526,9
H.R. 1520,12
H.R. 1503,13
H.R. 1492,0
H.R. 1472,2
H.R. 1449,18
H.R. 1424,28
H.R. 1418,51
H.R. 1396,314
H.R. 1365,6
H.R. 1327,332
H.R. 1253,50
H.R. 1252,50
H.R. 1250,35
H.R. 1240,12
H.R. 1222,18
H.R. 1200,14
H.R. 1198,4
H.R. 1158,4
H.R. 1138,1
H.R. 1123,4
H.R. 1079,3
H.R. 1058,173
H.R. 991,26
H.R. 943,302
H.R. 887,3
H.R. 886,135
H.R. 866,4
H.R. 835,28
H.R. 831,3
H.R. 829,26
H.R. 828,26
H.R. 777,24
H.R. 776,19
H.R. 748,369
H.R. 724,301
H.R. 639,2
H.R. 583,9
H.R. 561,20
H.R. 559,2
H.R. 540,78
H.R. 504,15
H.R. 473,31
H.R. 439,5
H.R. 434,55
H.R. 430,1
H.R. 299,333
H.R. 276,57
H.R. 266,0
H.R. 263,26
H.R. 259,1
H.R. 251,7
H.R. 221,87
H.R. 150,15
H.R. 133,4
H.J.Res. 110,0
H.J.Res. 107,0
H.J.Res. 88,2
H.J.Res. 87,2
H.J.Res. 80,0
H.J.Res. 60,2
H.J.Res. 31,0
H.J.Res. 28,0
S. 5076,0
S. 5036,0
S. 4996,5
S. 4902,2
S. 4762,3
S. 4684,2
S. 4209,26
S. 4148,5
S. 4126,1
S. 4116,5
S. 4091,1
S. 4075,9
S. 4072,1
S. 4054,0
S. 3989,1
S. 3758,1
S. 3744,66
S. 3703,27
S. 3637,16
S. 3607,22
S. 3587,2
S. 3503,30
S. 3462,1
S. 3461,1
S. 3418,5
S. 3414,1
S. 3312,3
S. 3257,1
S. 3201,6
S. 3147,1
S. 3105,1
S. 3084,1
S. 3051,9
S. 2981,2
S. 2904,1
S. 2746,7
S. 2730,2
S. 2710,17
S. 2683,5
S. 2661,34
S. 2638,4
S. 2472,1
S. 2330,16
S. 2258,9
S. 2249,0
S. 2216,18
S. 2193,1
S. 2174,3
S. 2163,13
S. 2107,6
S. 2047,0
S. 1982,19
S. 1869,1
S. 1838,56
S. 1822,69
S. 1790,0
S. 1749,1
S. 1694,5
S. 1693,0
S. 1689,1
S. 1678,7
S. 1646,1
S. 1436,2
S. 1380,6
S. 1379,3
S. 1342,2
S. 1321,2
S. 1310,2
S. 1196,1
S. 1153,8
S. 1130,10
S. 1069,4
S. 1014,2
S. 998,21
S. 982,8
S. 979,5
S. 945,4
S. 914,3
S. 910,5
S. 900,1
S. 893,10
S. 881,1
S. 863,1
S. 862,3
S. 832,1
S. 785,53
S. 760,3
S. 744,3
S. 743,76
S. 737,8
S. 725,1
S. 693,7
S. 578,67
S. 504,35
S. 490,1
S. 483,2
S. 461,15
S. 457,66
S. 394,3
S. 375,3
S. 371,5
S. 327,4
S. 294,5
S. 256,10
S. 252,1
S. 239,83
S. 227,29
S. 216,1
S. 212,1
S. 209,5
S. 199,1
S. 163,1
S. 153,12
S. 151,84
S. 134,1
S. 50,3
S. 49,1
S. 47,15
S. 24,44
S.J.Res. 67,2
S.J.Res. 66,2
S.J.Res. 65,2
H.R. 7327,5
H.R. 7319,1
H.R. 7318,1
H.R. 7279,6
H.R. 7243,0
H.R. 7230,6
H.R. 7213,1
H.R. 7187,0
H.R. 7120,1
H.R. 6964,1
H.R. 6930,25
H.R. 6897,0
H.R. 6896,1
H.R. 6893,3
H.R. 6870,0
H.R. 6831,6
H.R. 6780,25
H.R. 6758,10
H.R. 6655,52
H.R. 6651,13
H.R. 6628,10
H.R. 6621,8
H.R. 6615,5
H.R. 6602,10
H.R. 6591,26
H.R. 6513,6
H.R. 6428,11
H.R. 6414,1
H.R. 6405,54
H.R. 6400,33
H.R. 6348,1
H.R. 6347,1
H.R. 6335,4
H.R. 6330,6
H.R. 6287,50
H.R. 6227,36
H.R. 6217,6
H.R. 6216,6
H.R. 6167,17
H.R. 6160,1
H.R. 6157,0
H.R. 6124,6
H.R. 6116,12
H.R. 6059,8
H.R. 6042,3
H.R. 6020,12
H.R. 5956,1
H.R. 5935,17
H.R. 5923,0
H.R. 5895,0
H.R. 5868,14
H.R. 5792,6
H.R. 5791,6
H.R. 5787,3
H.R. 5784,7
H.R. 5772,0
H.R. 5759,20
H.R. 5737,17
H.R. 5729,3
H.R. 5636,1
H.R. 5554,5
H.R. 5515,1
H.R. 5509,7
H.R. 5504,9
H.R. 5475,7
H.R. 5412,25
H.R. 5395,25
H.R. 5385,75
H.R. 5349,8
H.R. 5317,5
H.R. 5238,58
H.R. 5205,3
H.R. 5075,4
H.R. 4960,7
H.R. 4958,5
H.R. 4946,50
H.R. 4921,2
H.R. 4913,7
H.R. 4910,11
H.R. 4890,7
H.R. 4854,15
H.R. 4851,27
H.R. 4840,26
H.R. 4819,41
H.R. 4743,11
H.R. 4722,27
H.R. 4708,3
H.R. 4689,0
H.R. 4685,1
H.R. 4661,8
H.R. 4646,6
H.R. 4645,0
H.R. 4641,0
H.R. 4574,17
H.R. 4547,75
H.R. 4533,5
H.R. 4528,0
H.R. 4463,29
H.R. 4431,12
H.R. 4407,17
H.R. 4406,26
H.R. 4374,0
H.R. 4326,17
H.R. 4318,30
H.R. 4301,6
H.R. 4300,90
H.R. 4285,11
H.R. 4254,7
H.R. 4227,12
H.R. 4174,3
H.R. 4111,1
H.R. 4042,26
H.R. 4032,5
H.R. 4009,2
H.R. 3996,2
H.R. 3979,17
H.R. 3949,6
H.R. 3946,13
H.R. 3893,26
H.R. 3834,33
H.R. 3823,2
H.R. 3821,13
H.R. 3819,2
H.R. 3759,113
H.R. 3732,0
H.R. 3731,15
H.R. 3663,2
H.R. 3656,1
H.R. 3655,11
H.R. 3638,26
H.R. 3562,3
H.R. 3460,11
H.R. 3445,8
H.R. 3398,5
H.R. 3383,3
H.R. 3369,12
H.R. 3364,5
H.R. 3359,11
H.R. 3342,26
H.R. 3298,128
H.R. 3249,2
H.R. 3243,3
H.R. 3230,3
H.R. 3218,121
H.R. 3210,1
H.R. 3184,10
H.R. 3183,10
H.R. 3122,6
H.R. 3110,29
H.R. 3109,18
H.R. 3031,8
H.R. 2989,18
H.R. 2979,50
H.R. 2873,17
H.R. 2815,11
H.R. 2810,1
H.R. 2772,2
H.R. 2673,17
H.R. 2672,17
H.R. 2615,0
H.R. 2611,3
H.R. 2606,3
H.R. 2519,385
H.R. 2464,8
H.R. 2454,1
H.R. 2430,3
H.R. 2422,83
H.R. 2353,40
H.R. 2345,115
H.R. 2333,2
H.R. 2331,2
H.R. 2302,11
H.R. 2292,9
H.R. 2288,26
H.R. 2266,8
H.R. 2259,62
H.R. 2254,49
H.R. 2229,1
H.R. 2228,32
H.R. 2210,17
H.R. 2200,29
H.R. 2154,0
H.R. 2147,53
H.R. 2142,18
H.R. 2122,1
H.R. 2061,16
H.R. 1988,46
H.R. 1927,72
H.R. 1918,25
H.R. 1900,19
H.R. 1892,16
H.R. 1872,55
H.R. 1865,174
H.R. 1861,294
H.R. 1858,17
H.R. 1850,14
H.R. 1733,14
H.R. 1725,8
H.R. 1719,21
H.R. 1679,1
H.R. 1660,19
H.R. 1625,40
H.R. 1616,18
H.R. 1551,32
H.R. 1545,11
H.R. 1496,72
H.R. 1417,1
H.R. 1397,0
H.R. 1370,8
H.R. 1362,5
H.R. 1329,12
H.R. 1318,192
H.R. 1306,1
H.R. 1301,0
H.R. 1242,53
H.R. 1238,2
H.R. 1235,291
H.R. 1228,1
H.R. 1222,28
H.R. 1211,35
H.R. 1210,35
H.R. 1209,35
H.R. 1208,35
H.R. 1207,35
H.R. 1177,0
H.R. 1162,56
H.R. 1117,0
H.R. 1109,8
H.R. 1074,3
H.R. 1037,16
H.R. 984,5
H.R. 954,0
H.R. 951,0
H.R. 931,188
H.R. 873,159
H.R. 863,0
H.R. 770,31
H.R. 767,11
H.R. 754,291
H.R. 699,1
H.R. 698,2
H.R. 672,34
H.R. 657,11
H.R. 624,33
H.R. 609,17
H.R. 606,51
H.R. 601,9
H.R. 589,20
H.R. 582,29
H.R. 560,1
H.R. 535,81
H.R. 534,10
H.R. 518,3
H.R. 510,24
H.R. 452,8
H.R. 447,0
H.R. 446,0
H.R. 390,47
H.R. 381,45
H.R. 375,8
H.R. 374,5
H.R. 366,2
H.R. 353,6
H.R. 339,0
H.R. 321,68
H.R. 315,8
H.R. 304,25
H.R. 302,39
H.R. 294,35
H.R. 274,10
H.R. 267,30
H.R. 255,44
H.R. 244,28
H.R. 228,0
H.R. 220,0
H.R. 219,1
H.R. 195,0
H.R. 194,1
H.R. 72,0
H.R. 46,2
H.R. 39,0
H.R. 6,16
H.R. 2,0
H.R. 1,24
H.J.Res. 143,0
H.J.Res. 123,0
H.J.Res. 111,34
H.J.Res. 99,0
H.J.Res. 83,11
H.J.Res. 76,8
H.J.Res. 69,2
H.J.Res. 67,7
H.J.Res. 66,7
H.J.Res. 58,13
H.J.Res. 57,13
H.J.Res. 44,16
H.J.Res. 43,147
H.J.Res. 42,35
H.J.Res. 41,33
H.J.Res. 40,120
H.J.Res. 38,71
H.J.Res. 37,17
S. 3777,10
S. 3749,3
S. 3661,5
S. 3628,4
S. 3554,2
S. 3530,23
S. 3509,1
S. 3508,3
S. 3479,1
S. 3456,1
S. 3444,1
S. 3442,1
S. 3414,1
S. 3389,1
S. 3367,0
S. 3354,9
S. 3247,12
S. 3237,1
S. 3209,1
S. 3191,3
S. 3170,12
S. 3119,5
S. 3031,5
S. 3029,12
S. 3021,1
S. 2961,21
S. 2946,11
S. 2896,5
S. 2850,1
S. 2779,1
S. 2765,1
S. 2736,11
S. 2734,1
S. 2692,1
S. 2679,5
S. 2652,73
S. 2559,13
S. 2554,25
S. 2553,15
S. 2511,1
S. 2465,6
S. 2377,1
S. 2372,10
S. 2278,17
S. 2276,8
S. 2273,1
S. 2269,13
S. 2248,2
S. 2246,1
S. 2245,7
S. 2200,2
S. 2155,26
S. 2152,26
S. 2101,70
S. 2076,57
S. 2074,1
S. 2040,1
S. 2030,3
S. 1869,4
S. 1866,0
S. 1862,4
S. 1768,9
S. 1766,17
S. 1668,0
S. 1617,6
S. 1616,99
S. 1595,39
S. 1580,18
S. 1536,6
S. 1532,6
S. 1520,18
S. 1438,1
S. 1393,11
S. 1312,26
S. 1311,31
S. 1285,1
S. 1282,1
S. 1266,3
S. 1182,76
S. 1158,34
S. 1141,4
S. 1094,39
S. 1091,16
S. 1083,2
S. 1050,68
S. 1023,9
S. 994,3
S. 943,4
S. 931,1
S. 920,2
S. 899,3
S. 831,1
S. 825,1
S. 810,1
S. 791,1
S. 782,14
S. 772,6
S. 770,9
S. 756,21
S. 717,11
S. 652,14
S. 585,1
S. 583,23
S. 544,21
S. 534,29
S. 512,18
S. 504,3
S. 496,3
S. 490,2
S. 447,21
S. 442,7
S. 440,1
S. 419,16
S. 371,0
S. 327,2
S. 324,36
S. 305,1
S. 292,55
S. 245,7
S. 204,46
S. 190,1
S. 188,7
S. 178,15
S. 167,4
S. 140,1
S. 139,12
S. 117,1
S. 114,3
S. 97,7
S. 96,8
S. 84,0
S. 35,2
S. 7,0
S.J.Res. 60,2
S.J.Res. 57,24
S.J.Res. 49,56
S.J.Res. 36,2
S.J.Res. 35,2
S.J.Res. 34,24
S.J.Res. 30,2
S.J.Res. 1,24
H.R. 6477,3
H.R. 6452,2
H.R. 6451,1
H.R. 6450,2
H.R. 6431,23
H.R. 6416,5
H.R. 6400,0
H.R. 6323,51
H.R. 6304,8
H.R. 6302,0
H.R. 6297,10
H.R. 6282,26
H.R. 6138,52
H.R. 6130,7
H.R. 6014,0
H.R. 6007,1
H.R. 5995,1
H.R. 5985,0
H.R. 5948,52
H.R. 5946,12
H.R. 5944,2
H.R. 5937,0
H.R. 5936,1
H.R. 5889,0
H.R. 5883,12
H.R. 5877,2
H.R. 5873,0
H.R. 5798,17
H.R. 5790,12
H.R. 5785,8
H.R. 5722,45
H.R. 5687,0
H.R. 5676,17
H.R. 5612,13
H.R. 5591,35
H.R. 5588,1
H.R. 5578,40
H.R. 5509,8
H.R. 5392,26
H.R. 5356,35
H.R. 5325,0
H.R. 5309,3
H.R. 5252,0
H.R. 5150,26
H.R. 5147,28
H.R. 5111,9
H.R. 5099,4
H.R. 5065,2
H.R. 5028,13
H.R. 5015,33
H.R. 4987,26
H.R. 4975,2
H.R. 4960,19
H.R. 4957,12
H.R. 4939,9
H.R. 4925,25
H.R. 4923,61
H.R. 4904,28
H.R. 4902,5
H.R. 4887,8
H.R. 4877,35
H.R. 4875,4
H.R. 4777,6
H.R. 4761,52
H.R. 4747,13
H.R. 4721,1
H.R. 4680,1
H.R. 4665,25
H.R. 4618,0
H.R. 4605,3
H.R. 4511,7
H.R. 4465,7
H.R. 4437,1
H.R. 4425,7
H.R. 4419,0
H.R. 4372,26
H.R. 4352,228
H.R. 4336,191
H.R. 4246,3
H.R. 4238,76
H.R. 4188,3
H.R. 4056,0
H.R. 4046,7
H.R. 4010,8
H.R. 3996,3
H.R. 3969,2
H.R. 3953,26
H.R. 3937,12
H.R. 3931,6
H.R. 3866,11
H.R. 3842,5
H.R. 3831,5
H.R. 3819,2
H.R. 3784,9
H.R. 3766,23
H.R. 3735,12
H.R. 3700,11
H.R. 3614,1
H.R. 3601,1
H.R. 3594,17
H.R. 3471,51
H.R. 3274,13
H.R. 3262,0
H.R. 3236,2
H.R. 3218,50
H.R. 3209,30
H.R. 3116,0
H.R. 3114,6
H.R. 3082,5
H.R. 3059,4
H.R. 3033,32
H.R. 3004,0
H.R. 2928,3
H.R. 2908,14
H.R. 2835,18
H.R. 2820,22
H.R. 2814,0
H.R. 2733,2
H.R. 2726,298
H.R. 2722,283
H.R. 2693,11
H.R. 2620,5
H.R. 2617,0
H.R. 2615,76
H.R. 2607,26
H.R. 2576,16
H.R. 2559,35
H.R. 2499,6
H.R. 2496,0
H.R. 2494,113
H.R. 2458,5
H.R. 2353,1
H.R. 2297,9
H.R. 2270,19
H.R. 2262,12
H.R. 2252,5
H.R. 2250,0
H.R. 2212,1
H.R. 2146,5
H.R. 2137,5
H.R. 2131,6
H.R. 2051,3
H.R. 2048,27
H.R. 2029,0
H.R. 2028,0
H.R. 1884,26
H.R. 1831,1
H.R. 1762,4
H.R. 1755,0
H.R. 1690,4
H.R. 1670,45
H.R. 1626,8
H.R. 1624,235
H.R. 1531,16
H.R. 1527,7
H.R. 1493,8
H.R. 1475,309
H.R. 1442,26
H.R. 1428,3
H.R. 1350,26
H.R. 1326,26
H.R. 1321,37
H.R. 1314,2
H.R. 1295,2
H.R. 1213,1
H.R. 1191,23
H.R. 1150,116
H.R. 1138,0
H.R. 1132,50
H.R. 1092,11
H.R. 1075,8
H.R. 1020,9
H.R. 960,14
H.R. 907,13
H.R. 893,296
H.R. 891,35
H.R. 890,1
H.R. 876,3
H.R. 875,2
H.R. 845,86
H.R. 812,11
H.R. 774,39
H.R. 757,36
H.R. 728,7
H.R. 720,7
H.R. 719,4
H.R. 710,2
H.R. 651,1
H.R. 644,7
H.R. 639,3
H.R. 636,14
H.R. 623,4
H.R. 615,4
H.R. 606,25
H.R. 558,14
H.R. 533,3
H.R. 515,15
H.R. 487,0
H.R. 433,26
H.R. 431,303
H.R. 324,7
H.R. 323,7
H.R. 322,7
H.R. 313,33
H.R. 240,0
H.R. 212,6
H.R. 208,5
H.R. 203,39
H.R. 136,50
H.R. 91,82
H.R. 34,7
H.R. 33,15
H.R. 26,1
H.R. 23,7
H.R. 22,118
H.R. 2,13
H.J.Res. 78,0
H.J.Res. 76,0
H.J.Res. 10,2
S. 3492,1
S. 3395,1
S. 3283,1
S. 3207,1
S. 3183,8
S. 3084,3
S. 3076,1
S. 3055,1
S. 3028,1
S. 2974,1
S. 2971,7
S. 2943,0
S. 2893,1
S. 2873,16
S. 2854,16
S. 2845,2
S. 2840,19
S. 2755,24
S. 2754,1
S. 2683,3
S. 2577,17
S. 2512,11
S. 2487,23
S. 2426,30
S. 2425,10
S. 2393,9
S. 2328,3
S. 2276,5
S. 2234,73
S. 2162,4
S. 2152,23
S. 2143,0
S. 2133,5
S. 2109,2
S. 2082,1
S. 2078,0
S. 2040,25
S. 2036,1
S. 1915,19
S. 1890,65
S. 1878,3
S. 1826,2
S. 1808,7
S. 1707,2
S. 1698,5
S. 1638,1
S. 1635,0
S. 1632,18
S. 1629,1
S. 1596,1
S. 1580,6
S. 1579,11
S. 1568,2
S. 1555,71
S. 1550,2
S. 1523,2
S. 1492,0
S. 1482,2
S. 1461,7
S. 1362,7
S. 1359,1
S. 1356,3
S. 1300,21
S. 1252,15
S. 1180,1
S. 1177,0
S. 1172,1
S. 1170,25
S. 1124,0
S. 1115,2
S. 1090,5
S. 1004,7
S. 994,1
S. 986,1
S. 984,6
S. 971,4
S. 818,1
S. 817,1
S. 808,1
S. 802,5
S. 799,22
S. 795,1
S. 764,1
S. 719,1
S. 665,27
S. 614,2
S. 612,1
S. 611,19
S. 599,14
S. 565,3
S. 546,7
S. 535,7
S. 524,44
S. 501,1
S. 483,4
S. 337,5
S. 261,0
S. 246,26
S. 238,9
S. 230,1
S. 192,27
S. 184,2
S. 179,1
S. 178,34
S. 142,21
S. 139,15
S. 136,2
S. 125,24
S. 32,9
S. 8,1
H.R. 5859,1
H.R. 5860,0
H.R. 5861,0
H.R. 5862,48
H.R. 5863,3
H.R. 5864,4
H.R. 5865,50
H.R. 5866,6
H.R. 5867,51
H.R. 5868,5
H.R. 5869,82
H.R. 5870,1
H.R. 5871,51
H.R. 5872,4
H.R. 5873,37
H.R. 5874,1
H.R. 5875,1
H.R. 5876,52
H.R. 5877,19
H.R. 5878,8
H.R. 5879,1
H.R. 5880,1
H.R. 5881,26
H.R. 5882,1
H.R. 5883,8
H.R. 5884,26
H.R. 5885,52
H.R. 5886,7
H.R. 5887,8
H.R. 5888,14
H.R. 5889,21
H.R. 5890,4
H.R. 5891,0
H.R. 5892,6
H.R. 5893,0
H.R. 5894,0
H.R. 5895,35
H.R. 5896,86
H.R. 5897,1
H.R. 5898,27
H.R. 5899,8
H.R. 5900,10
H.R. 5901,11
H.R. 5902,17
H.R. 5903,0
H.R. 5904,6
H.R. 5905,1
H.R. 5906,35
H.R. 5907,4
H.R. 5908,2
H.R. 5909,6
H.R. 5910,1
H.R. 5911,0
H.R. 5912,4
H.R. 5913,4
H.R. 5914,36
H.R. 5915,5
H.R. 5916,2
H.R. 5917,26
H.R. 5918,3
H.R. 5919,9
H.R. 5920,26
H.R. 5921,35
H.R. 5922,26
H.R. 5923,1
H.R. 5924,7
H.R. 5925,298
H.R. 5926,3
H.R. 5927,2
H.R. 5928,1
H.R. 5929,1
H.R. 5930,0
H.R. 5931,12
H.R. 5932,12
H.R. 5933,9
H.R. 5934,8
H.R. 5935,26
H.R. 5936,4
H.R. 5937,3
H.R. 5938,6
H.R. 5939,31
H.R. 5940,238
H.R. 5941,1
H.R. 5942,6
H.R. 5943,82
H.R. 5944,378
H.R. 5945,1
H.R. 5946,2
H.R. 5947,31
H.R. 5948,4
H.R. 5949,10
H.R. 5950,4
H.R. 5951,0
H.R. 5952,3
H.R. 5953,69
H.R. 5954,10
H.R. 5955,17
H.R. 5956,47
H.R. 5957,35
H.R. 5958,3
H.R. 5959,61
H.R. 5960,9
H.R. 5961,1
H.R. 5962,299
H.R. 5963,4
H.R. 5964,107
H.R. 5965,5
H.R. 5966,1
H.R. 5967,104
H.R. 5968,5
H.R. 5969,1
H.R. 5970,3
H.R. 5971,28
H.R. 5972,0
H.R. 5973,0
H.R. 5974,0
H.R. 5975,3
H.R. 5976,3
H.R. 5977,82
H.R. 5978,3
H.R. 5979,2
H.R. 5980,7
H.R. 5981,0
H.R. 5982,16
H.R. 5983,302
H.R. 5984,0
H.R. 5985,15
H.R. 5986,41
H.R. 5987,25
H.R. 5988,7
H.R. 5989,13
H.R. 5990,304
H.R. 5991,1
H.R. 5992,26
H.R. 5993,36
H.R. 5994,152
H.R. 5995,5
H.R. 5996,31
H.R. 5997,14
H.R. 5998,0
H.R. 5999,301
H.R. 6000,17
H.R. 6001,52
H.R. 6002,185
H.R. 6003,26
H.R. 6004,1
H.R. 6005,1
H.R. 6006,2
H.R. 6007,14
H.R. 6008,38
H.R. 6009,11
H.R. 6010,24
H.R. 6011,120
H.R. 6012,0
H.R. 6013,0
H.R. 6014,7
H.R. 6015,8
H.R. 6016,309
H.R. 6017,1
H.R. 6018,8
H.R. 6019,7
H.R. 6020,0
H.R. 6021,86
H.R. 6022,1
H.R. 6023,2
H.R. 6024,1
H.R. 6025,1
H.R. 6026,9
H.R. 6027,0
H.R. 6028,0
H.R. 6029,1
H.R. 6030,23
H.R. 6031,3
H.R. 6032,106
H.R. 6033,3
H.R. 6034,312
H.R. 6035,11
H.R. 6036,20
H.R. 6037,8
H.R. 6038,0
H.R. 6039,26
H.R. 6040,113
H.R. 6041,38
H.R. 6042,4
H.R. 6043,8
H.R. 6044,2
H.R. 6045,26
H.R. 6046,301
H.R. 6047,3
H.R. 6048,12
H.R. 6049,1
H.R. 6050,326
H.R. 6051,0
H.R. 6052,5
H.R. 6053,0
H.R. 6054,81
H.R. 6055,9
H.R. 6056,127
H.R. 6057,0
H.R. 6058,0
H.R. 6059,0
H.R. 6060,29
H.R. 6061,0
H.R. 6062,4
H.R. 6063,43
H.R. 6064,8
H.R. 6065,44
H.R. 6066,0
H.R. 6067,0
H.R. 6068,0
H.R. 6069,0
H.R. 6070,0
H.R. 6071,0
H.R. 6072,30
H.R. 6073,20
H.R. 6074,0
H.R. 6075,0
H.R. 6076,0
H.R. 6077,1
H.R. 6078,45
H.R. 6079,1
H.R. 6080,80
H.R. 6081,1
H.R. 6082,1
H.R. 6083,3
H.R. 6084,1
H.R. 6085,1
H.R. 6086,2
H.R. 6087,33
H.R. 6088,17
H.R. 6089,6
H.R. 6090,0
H.R. 6091,8
H.R. 6092,4
H.R. 6093,19
H.R. 6094,9
H.R. 6095,1
H.R. 6096,1
H.R. 6097,1
H.R. 6098,29
H.R. 6099,5
H.R. 6100,2
H.R. 6101,0
H.R. 6102,13
H.R. 6103,1
H.R. 6104,23
H.R. 6105,1
H.R. 6106,1
H.R. 6107,1
H.R. 6108,1
H.R. 6109,2
H.R. 6110,1
H.R. 6111,1
H.R. 6112,1
H.R. 6113,18
H.R. 6114,3
H.R. 6115,1
H.R. 6116,7
H.R. 6117,2
H.R. 6118,1
H.R. 6119,10
H.R. 6120,3
H.R. 6121,1
H.R. 6122,17
H.R. 6123,1
H.R. 6124,3
H.R. 6125,0
H.R. 6126,22
H.R. 6127,0
H.R. 6128,1
H.R. 6129,1
H.R. 6130,10
H.R. 6131,1
H.R. 6132,1
H.R. 6133,1
H.R. 6134,15
H.R. 6135,83
H.R. 6136,1
H.R. 6137,1
H.R. 6138,1
H.R. 6139,12
H.R. 6140,7
H.R. 6141,4
H.R. 6142,1
H.R. 6143,1
H.R. 6144,1
H.R. 6145,61
H.R. 6146,1
H.R. 6147,1
H.R. 6148,2
H.R. 6149,2
H.R. 6150,2
H.R. 6151,2
H.R. 6152,10
H.R. 6153,17
H.R. 6154,0
H.R. 6155,0
H.R. 6156,3
H.R. 6157,48
H.R. 6158,6
H.R. 6159,14
H.R. 6160,0
H.R. 6161,1
H.R. 6162,0
H.R. 6163,5
H.R. 6164,1
H.R. 6165,14
H.R. 6166,1
H.R. 6167,1
H.R. 6168,51
H.R. 6169,1
H.R. 6170,0
H.R. 6171,1
H.R. 6172,14
H.R. 6173,6
H.R. 6174,13
H.R. 6175,33
H.R. 6176,0
H.R. 6177,40
H.R. 6178,13
H.R. 6179,11
H.R. 6180,5
H.R. 6181,22
H.R. 6182,18
H.R. 6183,5
H.R. 6184,0
H.R. 6185,0
H.R. 6186,56
H.R. 6187,5
H.R. 6188,28
H.R. 6189,1
H.R. 6190,14
H.R. 6191,4
H.R. 6192,3
H.R. 6193,3
H.R. 6194,0
H.R. 6195,52
H.R. 6196,145
H.R. 6197,2
H.R. 6198,2
H.R. 6199,0
H.R. 6200,1
H.R. 6201,2
H.R. 6202,28
H.R. 6203,6
H.R. 6204,19
H.R. 6205,33
H.R. 6206,23
H.R. 6207,3
H.R. 6208,13
H.R. 6209,129
H.R. 6210,2
H.R. 6211,0
H.R. 6212,25
H.R. 6213,20
H.R. 6214,46
H.R. 6215,4
H.R. 6216,11
H.R. 6217,28
H.R. 6218,0
H.R. 6219,51
H.R. 6220,3
H.R. 6221,3
H.R. 6222,1
H.R. 6223,6
H.R. 6224,87
H.R. 6225,3
H.R. 6226,0
H.R. 6227,0
H.R. 6228,22
H.R. 6229,1
H.R. 6230,5
H.R. 6231,53
H.R. 6232,29
H.R. 6233,8
H.R. 6234,37
H.R. 6235,332
H.R. 6236,27
H.R. 6237,6
H.R. 6238,0
H.R. 6239,1
H.R. 6240,23
H.R. 6241,1
H.R. 6242,8
H.R. 6243,8
H.R. 6244,8
H.R. 6245,0
H.R. 6246,7
H.R. 6247,305
H.R. 6248,1
H.R. 6249,1
H.R. 6250,1
H.R. 6251,52
H.R. 6252,301
H.R. 6253,0
H.R. 6254,3
H.R. 6255,0
H.R. 6256,6
H.R. 6257,16
H.R. 6258,5
H.R. 6259,1
H.R. 6260,1
H.R. 6261,3
H.R. 6262,9
H.R. 6263,7
H.R. 6264,25
H.R. 6265,69
H.R. 6266,31
H.R. 6267,0
H.R. 6268,1
H.R. 6269,2
H.R. 6270,2
H.R. 6271,296
H.R. 6272,0
H.R. 6273,298
H.R. 6274,308
H.R. 6275,27
H.R. 6276,18
H.R. 6277,24
H.R. 6278,0
H.R. 6279,2
H.R. 6280,27
H.R. 6281,0
H.R. 6282,3
H.R. 6283,5
H.R. 6284,1
H.R. 6285,294
H.R. 6286,0
H.R. 6287,27
H.R. 6288,3
H.R. 6289,9
H.R. 6290,9
H.R. 6291,21
H.R. 6292,13
H.R. 6293,0
H.R. 6294,0
H.R. 6295,100
H.R. 6296,48
H.R. 6297,364
H.R. 6298,6
H.R. 6299,0
H.R. 6300,65
H.R. 6301,0
H.R. 6302,4
H.R. 6303,21
H.R. 6304,31
H.R. 6305,3
H.R. 6306,0
H.R. 6307,1
H.R. 6308,0
H.R. 6309,55
H.R. 6310,4
H.R. 6311,13
H.R. 6312,11
H.R. 6313,4
H.R. 6314,0
H.R. 6315,116
H.R. 6316,1
H.R. 6317,2
H.R. 6318,3
H.R. 6319,5
H.R. 6320,0
H.R. 6321,4
H.R. 6322,2
H.R. 6323,3
H.R. 6324,301
H.R. 6325,0
H.R. 6326,52
H.R. 6327,12
H.R. 6328,31
H.R. 6329,11
H.R. 6330,0
H.R. 6331,269
H.R. 6332,4
H.R. 6333,24
H.R. 6334,0
H.R. 6335,12
H.R. 6336,2
H.R. 6337,0
H.R. 6338,0
H.R. 6339,34
H.R. 6340,0
H.R. 6341,3
H.R. 6342,3
H.R. 6343,1
H.R. 6344,0
H.R. 6345,1
H.R. 6346,31
H.R. 6347,20
H.R. 6348,0
H.R. 6349,28
H.R. 6350,273
H.R. 6351,0
H.R. 6352,0
H.R. 6353,0
H.R. 6354,0
H.R. 6355,0
H.R. 6356,0
H.R. 6357,0
H.R. 6358,1
H.R. 6359,0
H.R. 6360,2
H.R. 6361,1
H.R. 6362,1
H.R. 6363,1
H.R. 6364,10
H.R. 6365,1
H.R. 6366,1
H.R. 6367,3
H.R. 6368,1
H.R. 6369,2
H.R. 6370,9
H.R. 6371,0
H.R. 6372,1
H.R. 6373,4
H.R. 6374,2
H.R. 6375,0
H.R. 6376,4
H.R. 6377,8
H.R. 6378,5
H.R. 6379,2
H.R. 6380,1
H.R. 6381,2
H.R. 6382,8
H.R. 6383,3
H.R. 6384,72
H.R. 6385,0
H.R. 6386,0
H.R. 6387,1
H.R. 6388,2
H.R. 6389,15
H.R. 6390,12
H.R. 6391,1
H.R. 6392,5
H.R. 6393,1
H.R. 6394,21
H.R. 6395,2
H.R. 6396,1
H.R. 6397,0
H.R. 6398,65
H.R. 6399,1
H.R. 6400,30
H.R. 6401,3
H.R. 6402,3
H.R. 6403,0
H.R. 6404,0
H.R. 6405,0
H.R. 6406,0
H.R. 6407,14
H.R. 6408,1
H.R. 6409,14
H.R. 6410,7
H.R. 6411,5
H.R. 6412,0
H.R. 6413,0
H.R. 6414,17
H.R. 6415,0
H.R. 6416,1
H.R. 6417,0
H.R. 6418,66
H.R. 6419,0
H.R. 6420,1
H.R. 6421,1
H.R. 6422,0
H.R. 6423,4
H.R. 6424,1
H.R. 6425,0
H.R. 6426,1
H.R. 6427,1
H.R. 6428,1
H.R. 6429,1
H.R. 6430,2
H.R. 6431,4
H.R. 6432,3
H.R. 6433,2
H.R. 6434,2
H.R. 6435,2
H.R. 6436,1
H.R. 6437,0
H.R. 6438,0
H.R. 6439,0
H.R. 6440,10
H.R. 6441,5
H.R. 6442,0
H.R. 6443,18
H.R. 6444,0
H.R. 6445,2
H.R. 6446,10
H.R. 6447,52
H.R. 6448,0
H.R. 6449,52
H.R. 6450,2
H.R. 6451,2
H.R. 6452,3
H.R. 6453,13
H.R. 6454,0
H.R. 6455,0
H.R. 6456,24
H.R. 6457,2
H.R. 6458,13
H.R. 6459,0
H.R. 6460,0
H.R. 6461,4
H.R. 6462,9
H.R. 6463,3
H.R. 6464,0
H.R. 6465,0
H.R. 6466,13
H.R. 6467,7
H.R. 6468,9
H.R. 6469,4
H.R. 6470,6
H.R. 6471,0
H.R. 6472,24
H.R. 6473,0
H.R. 6474,7
H.R. 6475,6
H.R. 6476,4
H.R. 6477,18
H.R. 6478,18
H.R. 6479,0
H.R. 6480,7
H.R. 6481,262
H.R. 6482,87
H.R. 6483,6
H.R. 6484,9
H.R. 6485,51
H.R. 6486,24
H.R. 6487,16
H.R. 6488,13
H.R. 6489,1
H.R. 6490,20
H.R. 6491,18
H.R. 6492,41
H.R. 6493,52
H.R. 6494,3
H.R. 6495,5
H.R. 6496,79
H.R. 6497,0
H.R. 6498,12
H.R. 6499,41
H.R. 6500,101
H.R. 6501,9
H.R. 6502,26
H.R. 6503,1
H.R. 6504,20
H.R. 6505,3
H.R. 6506,0
H.R. 6507,0
H.R. 6508,0
H.R. 6509,20
H.R. 6510,0
H.R. 6511,19
H.R. 6512,5
H.R. 6513,4
H.R. 6514,16
H.R. 6515,22
H.R. 6516,7
H.R. 6517,4
H.R. 6518,314
H.R. 6519,8
H.R. 6520,12
H.R. 6521,20
H.R. 6522,16
H.R. 6523,69
H.R. 6524,18
H.R. 6525,49
H.R. 6526,10
H.R. 6527,0
H.R. 6528,30
H.R. 6529,163
H.R. 6530,2
H.R. 6531,27
H.R. 6532,0
H.R. 6533,1
H.R. 6534,73
H.R. 6535,4
H.R. 6536,0
H.R. 6537,1
H.R. 6538,12
H.R. 6539,6
H.R. 6540,1
H.R. 6541,6
H.R. 6542,45
H.R. 6543,0
H.R. 6544,0
H.R. 6545,12
H.R. 6546,3
H.R. 6547,3
H.R. 6548,9
H.R. 6549,1
H.R. 6550,0
H.R. 6551,6
H.R. 6552,6
H.R. 6553,6
H.R. 6554,4
H.R. 6555,12
H.R. 6556,3
H.R. 6557,16
H.R. 6558,2
H.R. 6559,1
H.R. 6560,1
H.R. 6561,24
H.R. 6562,10
H.R. 6563,12
H.R. 6564,1
H.R. 6565,0
H.R. 6566,6
H.R. 6567,4
H.R. 6568,1
H.R. 6569,40
H.R. 6570,1
H.R. 6571,6
H.R. 6572,49
H.R. 6573,2
H.R. 6574,12
H.R. 6575,21
H.R. 6576,5
H.R. 6577,0
H.R. 6578,4
H.R. 6579,1
H.R. 6580,2
H.R. 6581,0
H.R. 6582,2
H.R. 6583,51
H.R. 6584,0
H.R. 6585,31
H.R. 6586,1
H.R. 6587,29
H.R. 6588,0
H.R. 6589,48
H.R. 6590,3
H.R. 6591,0
H.R. 6592,0
H.R. 6593,8
H.R. 6594,0
H.R. 6595,0
H.R. 6596,6
H.R. 6597,9
H.R. 6598,156
H.R. 6599,1
H.R. 6600,16
H.R. 6601,0
H.R. 6602,16
H.R. 6603,0
H.R. 6604,28
H.R. 6605,0
H.R. 6606,5
H.R. 6607,11
H.R. 6608,50
H.R. 6609,59
H.R. 6610,10
H.R. 6611,0
H.R. 6612,3
H.R. 6613,1
H.R. 6614,60
H.R. 6615,0
H.R. 6616,170
H.R. 6617,24
H.R. 6618,31
H.R. 6619,0
H.R. 6620,4
H.R. 6621,31
H.R. 6622,298
H.R. 6623,13
H.R. 6624,343
H.R. 6625,1
H.R. 6626,55
H.R. 6627,13
H.R. 6628,0
H.R. 6629,296
H.R. 6630,27
H.R. 6631,18
H.R. 6632,14
H.R. 6633,8
H.R. 6634,3
H.R. 6635,3
H.R. 6636,14
H.R. 6637,4
H.R. 6638,9
H.R. 6639,3
H.R. 6640,26
H.R. 6641,51
H.R. 6642,3
H.R. 6643,4
H.R. 6644,24
H.R. 6645,5
H.R. 6646,154
H.R. 6647,1
H.R. 6648,26
H.R. 6649,37
H.R. 6650,2
H.R. 6651,2
H.R. 6652,3
H.R. 6653,1
H.R. 6654,24
H.R. 6655,178
H.R. 6656,302
H.R. 6657,302
H.R. 6658,300
H.R. 6659,0
H.R. 6660,13
H.R. 6661,1
H.R. 6662,0
H.R. 6663,1
H.R. 6664,125
H.R. 6665,18
H.R. 6666,8
H.R. 6667,10
H.R. 6668,26
H.R. 6669,115
H.R. 6670,4
H.R. 6671,0
H.R. 6672,12
H.R. 6673,27
H.R. 6674,4
H.R. 6675,6
H.R. 6676,0
H.R. 6677,0
H.R. 6678,12
H.R. 6679,3
H.R. 6680,128
H.R. 6681,304
H.R. 6682,4
H.R. 6683,0
H.R. 6684,0
H.R. 6685,10
H.R. 6686,140
H.R. 6687,30
H.R. 6688,43
H.R. 6689,9
H.R. 6690,0
H.R. 6691,0
H.R. 6692,21
H.R. 6693,23
H.R. 6694,0
H.R. 6695,29
H.R. 6696,0
H.R. 6697,49
H.R. 6698,0
H.R. 6699,0
H.R. 6700,39
H.R. 6701,0
H.R. 6702,0
H.R. 6703,0
H.R. 6704,1
H.R. 6705,1
H.R. 6706,1
H.R. 6707,6
H.R. 6708,1
H.R. 6709,10
H.R. 6710,12
H.R. 6711,1
H.R. 6712,1
H.R. 6713,0
H.R. 6714,4
H.R. 6715,6
H.R. 6716,1
H.R. 6717,2
H.R. 6718,5
H.R. 6719,6
H.R. 6720,12
H.R. 6721,0
H.R. 6722,3
H.R. 6723,1
H.R. 6724,19
H.R. 6725,1
H.R. 6726,1
H.R. 6727,3
H.R. 6728,0
H.R. 6729,35
H.R. 6730,10
H.R. 6731,5
H.R. 6732,15
H.R. 6733,1
H.R. 6734,0
H.R. 6735,5
H.R. 6736,0
H.R. 6737,2
H.R. 6738,0
H.R. 6739,7
H.R. 6740,5
H.R. 6741,0
H.R. 6742,5
H.R. 6743,33
H.R. 6744,1
H.R. 6745,1
H.R. 6746,4
H.R. 6747,1
H.R. 6748,1
H.R. 6749,1
H.R. 6750,7
H.R. 6751,44
H.R. 6752,7
H.R. 6753,1
H.R. 6754,0
H.R. 6755,2
H.R. 6756,1
H.R. 6757,0
H.R. 6758,23
H.R. 6759,2
H.R. 6760,3
H.R. 6761,5
H.R. 6762,1
H.R. 6763,1
H.R. 6764,6
H.R. 6765,1
H.R. 6766,21
H.R. 6767,19
H.R. 6768,3
H.R. 6769,2
H.R. 6770,1
H.R. 6771,0
H.R. 6772,5
H.R. 6773,9
H.R. 6774,3
H.R. 6775,1
H.R. 6776,23
H.R. 6777,9
H.R. 6778,2
H.R. 6779,7
H.R. 6780,1
H.R. 6781,1
H.R. 6782,2
H.R. 6783,10
H.R. 6784,1
H.R. 6785,20
H.R. 6786,3
H.R. 6787,2
H.R. 6788,64
H.R. 6789,73
H.R. 6790,0
H.R. 6791,2
H.R. 6792,70
H.R. 6793,29
H.R. 6794,41
H.R. 6795,1
H.R. 6796,1
H.R. 6797,0
H.R. 6798,8
H.R. 6799,75
H.R. 6800,0
H.R. 6801,0
H.R. 6802,44
H.R. 6803,14
H.R. 6804,17
H.R. 6805,27
H.R. 6806,9
H.R. 6807,10
H.R. 6808,1
H.R. 6809,54
H.R. 6810,12
H.R. 6811,1
H.R. 6812,3
H.R. 6813,0
H.R. 6814,1
H.R. 6815,11
H.R. 6816,3
H.R. 6817,3
H.R. 6818,2
H.R. 6819,2
H.R. 6820,0
H.R. 6821,3
H.R. 6822,6
H.R. 6823,3
H.R. 6824,3
H.R. 6825,1
H.R. 6826,4
H.R. 6827,1
H.R. 6828,8
H.R. 6829,4
H.R. 6830,64
H.R. 6831,5
H.R. 6832,5
H.R. 6833,2
H.R. 6834,1
H.R. 6835,7
H.R. 6836,3
H.R. 6837,10
H.R. 6838,20
H.R. 6839,12
H.R. 6840,61
H.R. 6841,12
H.R. 6842,4
H.R. 6843,18
H.R. 6844,7
H.R. 6845,50
H.R. 6846,109
H.R. 6847,3
H.R. 6848,1
H.R. 6849,10
H.R. 6850,46
H.R. 6851,1
H.R. 6852,33
H.R. 6853,5
H.R. 6854,0
H.R. 6855,13
H.R. 6856,28
H.R. 6857,24
H.R. 6858,1
H.R. 6859,5
H.R. 6860,2
H.R. 6861,2
H.R. 6862,7
H.R. 6863,28
H.R. 6864,13
H.R. 6865,7
H.R. 6866,17
H.R. 6867,0
H.R. 6868,9
H.R. 6869,43
H.R. 6870,113
H.R. 6871,18
H.R. 6872,28
H.R. 6873,19
H.R. 6874,12
H.R. 6875,18
H.R. 6876,0
H.R. 6877,171
H.R. 6878,1
H.R. 6879,63
H.R. 6880,31
H.R. 6881,3
H.R. 6882,0
H.R. 6883,1
H.R. 6884,296
H.R. 6885,9
H.R. 6886,0
H.R. 6887,1
H.R. 6888,32
H.R. 6889,348
H.R. 6890,6
H.R. 6891,8
H.R. 6892,10
H.R. 6893,10
H.R. 6894,1
H.R. 6895,1
H.R. 6896,9
H.R. 6897,31
H.R. 6898,5
H.R. 6899,22
H.R. 6900,10
H.R. 6901,14
H.R. 6902,3
H.R. 6903,50
H.R. 6904,46
H.R. 6905,16
H.R. 6906,56
H.R. 6907,1
H.R. 6908,4
H.R. 6909,123
H.R. 6910,0
H.R. 6911,4
H.R. 6912,24
H.R. 6913,1
H.R. 6914,15
H.R. 6915,3
H.R. 6916,1
H.R. 6917,48
H.R. 6918,0
H.R. 6919,1
H.R. 6920,24
H.R. 6921,5
H.R. 6922,0
H.R. 6923,300
H.R. 6924,5
H.R. 6925,7
H.R. 6926,0
H.R. 6927,291
H.R. 6928,3
H.R. 6929,0
H.R. 6930,6
H.R. 6931,12
H.R. 6932,12
H.R. 6933,12
H.R. 6934,51
H.R. 6935,8
H.R. 6936,0
H.R. 6937,29
H.R. 6938,71
H.R. 6939,1
H.R. 6940,7
H.R. 6941,106
H.R. 6942,3
H.R. 6943,14
H.R. 6944,52
H.R. 6945,0
H.R. 6946,31
H.R. 6947,3
H.R. 6948,3
H.R. 6949,31
H.R. 6950,12
H.R. 6951,0
H.R. 6952,1
H.R. 6953,40
H.R. 6954,12
H.R. 6955,0
H.R. 6956,31
H.R. 6957,31
H.R. 6958,0
H.R. 6959,2
H.R. 6960,1
H.R. 6961,1
H.R. 6962,6
H.R. 6963,1
H.R. 6964,25
H.R. 6965,2
H.R. 6966,2
H.R. 6967,13
H.R. 6968,0
H.R. 6969,52
H.R. 6970,3
H.R. 6971,30
H.R. 6972,12
H.R. 6973,24
H.R. 6974,0
H.R. 6975,1
H.R. 6976,24
H.R. 6977,6
H.R. 6978,43
H.R. 6979,12
H.R. 6980,12
H.R. 6981,14
H.R. 6982,96
H.R. 6983,6
H.R. 6984,12
H.R. 6985,7
H.R. 6986,4
H.R. 6987,227
H.R. 6988,7
H.R. 6989,8
H.R. 6990,12
H.R. 6991,18
H.R. 6992,4
H.R. 6993,290
H.R. 6994,0
H.R. 6995,18
H.R. 6996,20
H.R. 6997,1
H.R. 6998,28
H.R. 6999,7
H.R. 7000,8
H.R. 7001,0
H.R. 7002,16
H.R. 7003,1
H.R. 7004,1
H.R. 7005,2
H.R. 7006,0
H.R. 7007,150
H.R. 7008,18
H.R. 7009,6
H.R. 7010,44
H.R. 7011,29
H.R. 7012,18
H.R. 7013,0
H.R. 7014,31
H.R. 7015,12
H.R. 7016,31
H.R. 7017,24
H.R. 7018,31
H.R. 7019,2
H.R. 7020,0
H.R. 7021,17
H.R. 7022,0
H.R. 7023,15
H.R. 7024,14
H.R. 7025,8
H.R. 7026,6
H.R. 7027,4
H.R. 7028,12
H.R. 7029,95
H.R. 7030,12
H.R. 7031,1
H.R. 7032,0
H.R. 7033,8
H.R. 7034,5
H.R. 7035,1
H.R. 7036,20
H.R. 7037,14
H.R. 7038,21
H.R. 7039,0
H.R. 7040,0
H.R. 7041,4
H.R. 7042,94
H.R. 7043,6
H.R. 7044,1
H.R. 7045,16
H.R. 7046,16
H.R. 7047,313
H.R. 7048,18
H.R. 7049,3
H.R. 7050,4
H.R. 7051,82
H.R. 7052,1
H.R. 7053,24
H.R. 7054,0
H.R. 7055,10
H.R. 7056,10
H.R. 7057,4
H.R. 7058,74
H.R. 7059,23
H.R. 7060,92
H.R. 7061,229
H.R. 7062,58
H.R. 7063,3
H.R. 7064,40
H.R. 7065,26
H.R. 7066,31
H.R. 7067,274
H.R. 7068,24
H.R. 7069,45
H.R. 7070,249
H.R. 7071,5
H.R. 7072,14
H.R. 7073,8
H.R. 7074,43
H.R. 7075,16
H.R. 7076,3
H.R. 7077,287
H.R. 7078,67
H.R. 7079,6
H.R. 7080,0
H.R. 7081,2
H.R. 7082,28
H.R. 7083,4
H.R. 7084,0
H.R. 7085,4
H.R. 7086,30
H.R. 7087,54
H.R. 7088,30
H.R. 7089,7
H.R. 7090,83
H.R. 7091,40
H.R. 7092,1
H.R. 7093,64
H.R. 781,3
H.R. 753,8
H.R. 742,1
H.R. 727,17
H.R. 710,36
H.R. 692,23
H.R. 660,5
H.R. 634,298
H.R. 625,52
H.R. 584,54
H.R. 577,31
H.R. 556,58
H.R. 544,7
H.R. 521,84
H.R. 514,24
H.R. 493,224
H.R. 475,2
H.R. 465,1
H.R. 437,31
H.R. 434,1
H.R. 433,16
H.R. 430,0
H.R. 414,0
H.R. 366,4
H.R. 365,122
H.R. 342,7
H.R. 335,0
H.R. 327,152
H.R. 188,3
H.R. 137,303
H.R. 57,0
H.R. 50,3
H.R. 49,6
H.R. 6,198
H.R. 1,205
H.J.Res. 100,0
H.J.Res. 93,32
H.J.Res. 72,0
H.J.Res. 70,260
H.J.Res. 69,0
H.J.Res. 62,83
H.J.Res. 52,0
H.J.Res. 44,29
H.J.Res. 43,0
H.J.Res. 20,0
S. 3712,2
S. 3663,1
S. 3641,1
S. 3606,0
S. 3605,1
S. 3598,13
S. 3597,0
S. 3569,4
S. 3560,1
S. 3550,0
S. 3536,0
S. 3477,3
S. 3406,77
S. 3370,6
S. 3352,0
S. 3325,21
S. 3298,15
S. 3296,1
S. 3295,1
S. 3294,1
S. 3241,1
S. 3218,1
S. 3197,2
S. 3180,0
S. 3145,1
S. 3128,0
S. 3082,1
S. 3035,0
S. 3029,1
S. 3023,1
S. 3015,1
S. 3009,1
S. 3001,0
S. 2982,1
S. 2967,2
S. 2954,0
S. 2932,25
S. 2929,0
S. 2903,0
S. 2840,5
S. 2837,0
S. 2829,19
S. 2816,2
S. 2766,39
S. 2745,1
S. 2739,0
S. 2733,0
S. 2617,11
S. 2607,4
S. 2606,12
S. 2571,1
S. 2565,10
S. 2516,1
S. 2499,1
S. 2488,17
S. 2484,3
S. 2482,0
S. 2478,2
S. 2457,1
S. 2450,2
S. 2436,1
S. 2420,6
S. 2403,1
S. 2371,0
S. 2339,1
S. 2304,5
S. 2272,1
S. 2271,0
S. 2258,0
S. 2206,7
S. 2174,1
S. 2162,12
S. 2146,5
S. 2135,9
S. 2110,1
S. 2106,7
S. 1983,1
S. 1927,1
S. 1916,3
S. 1896,1
S. 1868,1
S. 1858,21
S. 1810,6
S. 1760,18
S. 1738,60
S. 1716,12
S. 1704,1
S. 1701,1
S. 1692,11
S. 1612,0
S. 1582,3
S. 1537,1
S. 1492,22
S. 1396,0
S. 1382,77
S. 1352,1
S. 1276,14
S. 1245,3
S. 1193,1
S. 1104,11
S. 1099,2
S. 1046,0
S. 1002,2
S. 996,1
S. 975,5
S. 966,3
S. 906,5
S. 888,5
S. 863,5
S. 845,4
S. 801,1
S. 793,20
S. 781,2
S. 682,68
S. 676,2
S. 602,6
S. 597,62
S. 550,2
S. 521,0
S. 496,18
S. 494,7
S. 474,71
S. 431,20
S. 377,3
S. 375,1
S. 277,1
S. 254,99
S. 231,52
S. 229,1
S. 214,16
S. 188,5
S. 171,1
S. 159,1
S. 1,17
S.J.Res. 46,0
S.J.Res. 45,15
S.J.Res. 35,2
S.J.Res. 25,3
S.J.Res. 17,10
S.J.Res. 13,11
S.J.Res. 8,2
S.J.Res. 7,2